id,name,email,age,city
1,Jean Dupont,jean.dupont@email.com,28,Paris
2,Marie Martin,marie.martin@email.com,28,Lyon
3,Paul Bernard,paul.bernard@email.com,28,Marseille
4,Lucie Petit,lucie.petit@email.com,29,Toulouse
5,Antoine Leroy,antoine.leroy@email.com,41,Nantes
6,Claire Moreau,claire.moreau@email.com,25,Bordeaux
7,Julien Lefevre,julien.lefevre@email.com,31,Strasbourg
8,Emma Roux,emma.roux@email.com,27,Lille
9,Lucas Fontaine,lucas.fontaine@email.com,36,Rennes
10,Sophie Lambert,sophie.lambert@email.com,30,Montpellier